I,GEN,LogL,x,virtual-a,virtual-t,virtual-c,virtual-g,U
0,0,-656.617291,46,24,39,8,6,0
1,100,-573.779620,46,24,39,8,6,0
2,200,-514.182244,46,20,30,9,5,0
3,300,-502.725803,46,20,30,9,5,0
4,400,-471.439135,46,20,29,4,2,0
5,500,-472.958844,46,20,29,4,2,0
6,600,-504.527670,50,17,31,10,3,0
7,700,-501.225261,50,17,31,10,3,0
8,800,-441.237302,46,16,24,6,4,0
9,900,-438.930904,46,16,24,6,4,0
10,1000,-465.291601,46,15,32,9,3,0
