I,GEN,LogL,NAME,ANC,a,t,c,g
0,0,-1656.06,RV-a,a,0.5,1e-10,1e-10,1e-10
0,0,-1656.06,RV-t,t,1e-10,0.5,1e-10,1e-10
0,0,-1656.06,RV-c,c,1e-10,1e-10,0.5,1e-10
0,0,-1656.06,RV-g,g,1e-10,1e-10,1e-10,0.5
1,100,-782.026,RV-a,a,0.393333,0.0355556,0.0355556,0.0355556
1,100,-782.026,RV-t,t,0.0355556,0.393333,0.0355556,0.0355556
1,100,-782.026,RV-c,c,0.0355556,0.0355556,0.393333,0.0355556
1,100,-782.026,RV-g,g,0.0355556,0.0355556,0.0355556,0.393333
2,200,-739.373,RV-a,a,0.38,0.04,0.04,0.04
2,200,-739.373,RV-t,t,0.04,0.38,0.04,0.04
2,200,-739.373,RV-c,c,0.04,0.04,0.38,0.04
2,200,-739.373,RV-g,g,0.04,0.04,0.04,0.38
3,300,-739.373,RV-a,a,0.38,0.04,0.04,0.04
3,300,-739.373,RV-t,t,0.04,0.38,0.04,0.04
3,300,-739.373,RV-c,c,0.04,0.04,0.38,0.04
3,300,-739.373,RV-g,g,0.04,0.04,0.04,0.38
4,400,-754.547,RV-a,a,0.38,0.04,0.04,0.04
4,400,-754.547,RV-t,t,0.04,0.38,0.04,0.04
4,400,-754.547,RV-c,c,0.04,0.04,0.38,0.04
4,400,-754.547,RV-g,g,0.04,0.04,0.04,0.38
5,500,-755.655,RV-a,a,0.393333,0.0355556,0.0355556,0.0355556
5,500,-755.655,RV-t,t,0.0355556,0.393333,0.0355556,0.0355556
5,500,-755.655,RV-c,c,0.0355556,0.0355556,0.393333,0.0355556
5,500,-755.655,RV-g,g,0.0355556,0.0355556,0.0355556,0.393333
6,600,-725.748,RV-a,a,0.393333,0.0355556,0.0355556,0.0355556
6,600,-725.748,RV-t,t,0.0355556,0.393333,0.0355556,0.0355556
6,600,-725.748,RV-c,c,0.0355556,0.0355556,0.393333,0.0355556
6,600,-725.748,RV-g,g,0.0355556,0.0355556,0.0355556,0.393333
7,700,-724.178,RV-a,a,0.38,0.04,0.04,0.04
7,700,-724.178,RV-t,t,0.04,0.38,0.04,0.04
7,700,-724.178,RV-c,c,0.04,0.04,0.38,0.04
7,700,-724.178,RV-g,g,0.04,0.04,0.04,0.38
8,800,-683.862,RV-a,a,0.38,0.04,0.04,0.04
8,800,-683.862,RV-t,t,0.04,0.38,0.04,0.04
8,800,-683.862,RV-c,c,0.04,0.04,0.38,0.04
8,800,-683.862,RV-g,g,0.04,0.04,0.04,0.38
9,900,-683.862,RV-a,a,0.38,0.04,0.04,0.04
9,900,-683.862,RV-t,t,0.04,0.38,0.04,0.04
9,900,-683.862,RV-c,c,0.04,0.04,0.38,0.04
9,900,-683.862,RV-g,g,0.04,0.04,0.04,0.38
10,1000,-700.618,RV-a,a,0.393333,0.0355556,0.0355556,0.0355556
10,1000,-700.618,RV-t,t,0.0355556,0.393333,0.0355556,0.0355556
10,1000,-700.618,RV-c,c,0.0355556,0.0355556,0.393333,0.0355556
10,1000,-700.618,RV-g,g,0.0355556,0.0355556,0.0355556,0.393333
