I,GEN,LogL,order-virtual-A,base-order,disorder-virtual-A,base-disorder,order-virtual-R,disorder-virtual-R,order-virtual-N,disorder-virtual-N,order-virtual-D,disorder-virtual-D,order-virtual-C,disorder-virtual-C,order-virtual-E,disorder-virtual-E,order-virtual-Q,disorder-virtual-Q,order-virtual-G,disorder-virtual-G,order-virtual-H,disorder-virtual-H,order-virtual-I,disorder-virtual-I,order-virtual-L,disorder-virtual-L,order-virtual-K,disorder-virtual-K,order-virtual-M,disorder-virtual-M,order-virtual-F,disorder-virtual-F,order-virtual-P,disorder-virtual-P,order-virtual-S,disorder-virtual-S,order-virtual-T,disorder-virtual-T,order-virtual-W,disorder-virtual-W,order-virtual-Y,disorder-virtual-Y,order-virtual-V,disorder-virtual-V,virtual-O,OD-transition,virtual-D
0,0,-369519.020845,434,9184,161,8246,320,194,107,135,398,261,22,1,440,393,94,149,306,122,50,30,376,107,327,292,246,174,113,123,207,47,191,106,125,133,186,142,6,3,38,50,313,197,4298,13085,2895
1,100,-198845.081328,426,9359,132,8071,261,211,108,101,418,206,17,3,506,389,124,135,252,132,44,26,352,99,311,263,267,144,111,88,203,41,195,115,126,128,212,147,8,1,15,92,279,227,4813,37,3101
2,200,-174496.232132,299,8900,77,7685,170,117,66,63,273,145,12,1,333,253,67,103,160,105,25,14,236,54,200,176,172,85,84,50,126,28,131,67,83,99,149,81,6,0,9,48,197,165,4712,37,3131
3,300,-160044.720930,131,6582,39,10003,91,54,30,25,89,62,5,0,117,106,26,29,90,30,14,8,107,21,69,73,55,47,45,24,51,19,57,23,19,44,61,37,3,0,2,15,83,62,4001,41,3818
4,400,-155441.860402,67,6729,14,10208,33,5,27,9,61,12,5,0,54,25,13,14,30,13,7,1,57,9,44,16,43,14,21,9,18,2,33,7,19,11,35,7,3,0,1,8,50,13,3974,41,3691
5,500,-153704.776686,33,7217,1,9720,26,5,8,1,36,6,2,0,34,13,14,6,22,4,2,2,29,1,38,6,27,1,13,1,23,0,21,5,7,1,18,1,1,0,1,0,23,8,4065,41,3747
